Nombre,Email,alumno_id
Abraham Vélez,Abraham_Vélez@gmail.com,1
Aitana Sebastián,Aitana_Sebastián@gmail.com,2
Albino Macias,Albino_Macias@gmail.com,3
Alejandra Vilaplana,Alejandra_Vilaplana@gmail.com,4
Amor Larrañaga,Amor_Larrañaga@gmail.com,5
Anita Heredia,Anita_Heredia@gmail.com,6
Carlito Carrión,Carlito_Carrión@gmail.com,7
Chita Mancebo,Chita_Mancebo@gmail.com,8
Clementina Santos,Clementina_Santos@gmail.com,9
Cleto Montes,Cleto_Montes@gmail.com,10
Cleto Plana,Cleto_Plana@gmail.com,11
Cristian Sarabia,Cristian_Sarabia@gmail.com,12
Daniel Rosselló,Daniel_Rosselló@gmail.com,13
Daniela Falcó,Daniela_Falcó@gmail.com,14
Daniela Guitart,Daniela_Guitart@gmail.com,15
Desiderio Jordá,Desiderio_Jordá@gmail.com,16
Dolores Valbuena,Dolores_Valbuena@gmail.com,17
Eduardo Caparrós,Eduardo_Caparrós@gmail.com,18
Eli Casas,Eli_Casas@gmail.com,19
Ernesto Uriarte,Ernesto_Uriarte@gmail.com,20
Estefanía Valcárcel,Estefanía_Valcárcel@gmail.com,21
Ester Sánchez,Ester_Sánchez@gmail.com,22
Estrella Murillo,Estrella_Murillo@gmail.com,23
Flavia Amador,Flavia_Amador@gmail.com,24
Guillermo Borrego,Guillermo_Borrego@gmail.com,25
Haydée Figueroa,Haydée_Figueroa@gmail.com,26
Heraclio Duque,Heraclio_Duque@gmail.com,27
Herberto Figueras,Herberto_Figueras@gmail.com,28
Ignacio Goicoechea,Ignacio_Goicoechea@gmail.com,29
Isabel Ibáñez,Isabel_Ibáñez@gmail.com,30
Jafet Casals,Jafet_Casals@gmail.com,31
Joaquina Asensio,Joaquina_Asensio@gmail.com,32
Jorge Manzanares,Jorge_Manzanares@gmail.com,33
Julie Ferrer,Julie_Ferrer@gmail.com,34
Leoncio Tena,Leoncio_Tena@gmail.com,35
Loida Arellano,Loida_Arellano@gmail.com,36
Luis Miguel Galvez,Luis_Miguel_Galvez@gmail.com,37
Marino Castilla,Marino_Castilla@gmail.com,38
Maximiliano Menéndez,Maximiliano_Menéndez@gmail.com,39
Merche Prada,Merche_Prada@gmail.com,40
Mireia Cabañas,Mireia_Cabañas@gmail.com,41
Noemí Vilanova,Noemí_Vilanova@gmail.com,42
Odalys Torrijos,Odalys_Torrijos@gmail.com,43
Onofre Adadia,Onofre_Adadia@gmail.com,44
Pilar Abella,Pilar_Abella@gmail.com,45
Ricarda Tovar,Ricarda_Tovar@gmail.com,46
Rita Olivares,Rita_Olivares@gmail.com,47
Rosalina Llanos,Rosalina_Llanos@gmail.com,48
Sergio Aguirre,Sergio_Aguirre@gmail.com,49
Teodoro Alberola,Teodoro_Alberola@gmail.com,50
Teresa Laguna,Teresa_Laguna@gmail.com,51
Timoteo Trillo,Timoteo_Trillo@gmail.com,52
